Versjon;Tidspunkt;Beskrivelse
3.0;20231213;Endepunkt:kodeForGrunntype: Grunntype.Variabeltrinn uten trinn gir Error (feilretting)(prev. #223)
3.0;20231213;Trinn:Stor bokstav i navn (prev. #219)
3.0;20230108;Endpunkt: kodeForKartleggin1gsenhet, http500-feil (prev. #226)
3.0;20230108;Kartleggingsenheter: M020 manglet navn (prev. #240)


3.0;20240226;Endring av kortkoder og langkoder for hovedtyper og grunntyper(prev. #261)
3.0;20240410;Grunntype-variabeltrinn, 2 manglet pga skrivefeil(PD_* endret til PF_*)(prev. #82)
3.0;20240410;Fjernet duplikat trinn KA-a (m√•leskala: KA-SO/Variabelnavn:LM-KA)(#66)
3.0;20240410;Grunntype-variabeltrinn, skrivefeil varkode2/kobling (Jb_* endret til JP_*)(#76)
3.0;20240410;Grunntype_variabeltrinn, feil trinn-notasjon (19 'nye' trinn) (#64)
